[
    {
        "id":1,
        "name": "Pooja",
        "username": "pp",
        "email": "pooja@gmail.com",
        "phone" : "1111111111",
        "city" : "Singrauli"   
    },
    {
        "id":2,
        "name": "Mantasha",
        "username": "mt",
        "email": "mantasha@gmail.com",
        "phone" : "2222222222",
        "city" : "Bhopal"   
    },
    {
        "id":3,
        "name": "Tanishka",
        "username": "ts",
        "email": "tanishka@gmail.com",
        "phone" : "3333333333",
        "city" : "Bhopal"   
    },
    {
        "id":4,
        "name": "Ranjeet",
        "username": "rj",
        "email": "ranjeet@gmail.com",
        "phone" : "4444444444",
        "city" : "Bhopal"   
    },
    {
        "id":5,
        "name": "Harsh",
        "username": "hs",
        "email": "harsh@gmail.com",
        "phone" : "5555555555",
        "city" : "Hoshangabad"   
    }
]